"Term [en]","Description [en]","Part of Speech [en]","Status [en]","Type [en]","Note [en]","Term [pl]","Description [pl]","Part of Speech [pl]","Status [pl]","Type [pl]","Note [pl]"
Captain,"Head of the station.",NOUN,PREFERRED,FULL_FORM,,Kapitan,,,,,
Cap,"Abbreviation of Captain.",NOUN,PREFERRED,ABBREVIATION,,Kap,,,,,
"Head of Personnel","Command; civilian department head.",NOUN,PREFERRED,FULL_FORM,,"Kierownik Personelu",,,,,
HoP,"Abbreviation of Head of Personnel.",NOUN,PREFERRED,ABBREVIATION,"Not the full title.",KP,,,,,
HOP,"All-caps HoP (beacons).",NOUN,PREFERRED,ABBREVIATION,,KP,,,,,
"Head of Security","Command; security department head.",NOUN,PREFERRED,FULL_FORM,,Komendant,,,,,
HoS,"Abbreviation of Head of Security.",NOUN,PREFERRED,ABBREVIATION,,KD,,,,,
HOS,"All-caps HoS (beacons).",NOUN,PREFERRED,ABBREVIATION,,KD,,,,,
"Chief Engineer","Command; engineering department head.",NOUN,PREFERRED,FULL_FORM,,"Główny Inżynier",,,,,
CE,"Abbreviation of Chief Engineer.",NOUN,PREFERRED,ABBREVIATION,"Not the full title.",GI,,,,,
"Chief Medical Officer","Command; medical department head.",NOUN,PREFERRED,FULL_FORM,,Ordynator,,,,,
CMO,"Abbreviation of Chief Medical Officer.",NOUN,PREFERRED,ABBREVIATION,,OD,,,,,
"Research Director","Command; science department head.",NOUN,PREFERRED,FULL_FORM,,"Kierownik Badań",,,,,
RD,"Abbreviation of Research Director.",NOUN,PREFERRED,ABBREVIATION,"Not the full title.",KB,,,,,
Quartermaster,"Command; cargo department head. ID title.",NOUN,PREFERRED,FULL_FORM,,Kwatermistrz,,,,,
QM,"Abbreviation of Quartermaster.",NOUN,PREFERRED,ABBREVIATION,"Not KW.",KM,,,,,
"Station Engineer","Engineering crew.",NOUN,PREFERRED,FULL_FORM,,"Inżynier Stacji",,,,,
Engi,"Abbreviation of engineer / engineering.",NOUN,PREFERRED,ABBREVIATION,,Inż,,,,,
"Atmospheric Technician","Engineering; atmospherics.",NOUN,PREFERRED,FULL_FORM,Atmos.,"Technik Atmosferyki",,,,,
Atmos,"Short for atmospherics / Atmospheric Technician. Keep.",NOUN,PREFERRED,ABBREVIATION,,Atmos,,,,,
"Technical Assistant","Engineering intern.",NOUN,PREFERRED,FULL_FORM,,"Pomocnik Techniczny",,,,,
"Medical Doctor","Medical crew.",NOUN,PREFERRED,FULL_FORM,,"Doktor Medyczny",,,,,
"Medical Intern","Medical intern.",NOUN,PREFERRED,FULL_FORM,,"Stażysta Medyczny",,,,,
Chemist,"Medical; chemistry.",NOUN,PREFERRED,FULL_FORM,,Chemik,,,,,
Paramedic,"Medical; field response.",NOUN,PREFERRED,FULL_FORM,,Ratownik,,,,,
Psychologist,"Medical / station-specific.",NOUN,PREFERRED,FULL_FORM,,Psycholog,,,,,
Scientist,"Science crew.",NOUN,PREFERRED,FULL_FORM,,Naukowiec,,,,,
"Research Assistant","Science intern.",NOUN,PREFERRED,FULL_FORM,,"Asystent Naukowy",,,,,
Roboticist,"Science; robotics.",NOUN,PREFERRED,FULL_FORM,,Robotyk,,,,,
"Security Officer","Security crew.",NOUN,PREFERRED,FULL_FORM,,"Oficer Ochrony",,,,,
"Security Cadet","Security intern.",NOUN,PREFERRED,FULL_FORM,,"Kadet Ochrony",,,,,
Warden,"Security; brig.",NOUN,PREFERRED,FULL_FORM,"Not Strażnik.","Nadzorca Ochrony",,,,,
Detective,"Security; investigations.",NOUN,PREFERRED,FULL_FORM,,Detektyw,,,,,
Brigmedic,"Security medic.",NOUN,PREFERRED,FULL_FORM,,"Medyk Więzienny",,,,,
"Cargo Technician","Cargo crew.",NOUN,PREFERRED,FULL_FORM,,Logistyk,,,,,
"Salvage Specialist","Cargo; salvage.",NOUN,PREFERRED,FULL_FORM,,"Specjalista ds. Odzysku",,,,,
Bartender,"Civilian service.",NOUN,PREFERRED,FULL_FORM,,Barman,,,,,
Botanist,"Civilian; hydroponics.",NOUN,PREFERRED,FULL_FORM,,Botanik,,,,,
Chef,"Civilian; kitchen.",NOUN,PREFERRED,FULL_FORM,,Kucharz,,,,,
Janitor,"Civilian; custodial.",NOUN,PREFERRED,FULL_FORM,,Woźny,,,,,
Chaplain,"Civilian; chapel.",NOUN,PREFERRED,FULL_FORM,,Kapłan,,,,,
Lawyer,"Civilian; legal.",NOUN,PREFERRED,FULL_FORM,,Prawnik,,,,,
Librarian,"Civilian; library.",NOUN,PREFERRED,FULL_FORM,,Bibliotekarz,,,,,
Clown,Civilian.,NOUN,PREFERRED,FULL_FORM,,Klaun,,,,,
Mime,Civilian.,NOUN,PREFERRED,FULL_FORM,,Mim,,,,,
Musician,Civilian.,NOUN,PREFERRED,FULL_FORM,,Muzyk,,,,,
Reporter,"Civilian / station-specific.",NOUN,PREFERRED,FULL_FORM,,Dziennikarz,,,,,
"Service Worker","Civilian service intern.",NOUN,PREFERRED,FULL_FORM,,"Pracownik Obsługi",,,,,
Passenger,"Civilian; no department job.",NOUN,PREFERRED,FULL_FORM,"Assistant equivalent.",Pasażer,,,,,
Visitor,"Latejoin civilian.",NOUN,PREFERRED,FULL_FORM,,Gość,,,,,
"Tram Driver","Station-specific civilian.",NOUN,PREFERRED,FULL_FORM,,Motorniczy,,,,,
Cyborg,"Silicon crew.",NOUN,PREFERRED,FULL_FORM,"Borg / JobBorg.",Cyborg,,,,,
Borg,"Short form of Cyborg. Keep in Polish slang.",NOUN,PREFERRED,ABBREVIATION,,Borg,,,,,
"Station AI","Silicon; station AI.",NOUN,PREFERRED,FULL_FORM,,"SI Stacji",,,,,
AI,"Abbreviation of Station AI / artificial intelligence.",NOUN,PREFERRED,ABBREVIATION,,SI,,,,,
pAI,"Personal AI.",NOUN,PREFERRED,ABBREVIATION,,pSI,,,,,
"Nanotrasen Representative","Central Command liaison.",NOUN,PREFERRED,FULL_FORM,,"Przedstawiciel Nanotrasen",,,,,
NTR,"Abbreviation of Nanotrasen Representative.",NOUN,PREFERRED,ABBREVIATION,"Not the full title.",PNT,,,,,
Magistrate,"Central Command; legal.",NOUN,PREFERRED,FULL_FORM,,Sędzia,,,,,
"Internal Affairs Agent","Central Command; IAA.",NOUN,PREFERRED,FULL_FORM,"Not ISW.","Agent Spraw Wewnętrznych",,,,,
IAA,"Abbreviation of Internal Affairs Agent.",NOUN,PREFERRED,ABBREVIATION,"Not the full title.",ASW,,,,,
"Nanotrasen Career Trainer","Central Command; NCT.",NOUN,PREFERRED,FULL_FORM,,"Szkoleniowiec Kadr Nanotrasen",,,,,
NCT,"Abbreviation of Nanotrasen Career Trainer. Keep.",NOUN,PREFERRED,ABBREVIATION,,SKN,,,,,
Blueshield,"Command bodyguard. Often left untranslated.",NOUN,ADMITTED,FULL_FORM,,"Niebieska Tarcza",,,,,
"Blueshield Officer","Full job title for Blueshield.",NOUN,PREFERRED,FULL_FORM,,"Oficer ""Niebieska Tarcza""",,,,,
"CentComm Official","Central Command visitor.",NOUN,PREFERRED,FULL_FORM,,"Urzędnik CD",,,,,
"Central Command Official","Full form of CentComm Official.",NOUN,PREFERRED,FULL_FORM,,"Urzędnik Centralnego Dowództwa",,,,,
"CentComm Quarantine Officer",CBURN.,NOUN,PREFERRED,FULL_FORM,,"Oficer kwarantanny Centralnego Dowództwa",,,,,
CBURN,"CentComm biological response. Keep acronym.",NOUN,PREFERRED,ACRONYM,,CBURN,,,,,
"Death Squad","CentComm punishments unit.",NOUN,PREFERRED,FULL_FORM,,"Szwadron Śmierci",,,,,
DS,"Abbreviation of Death Squad.",,,,,SŚ,,,,,
"ERT Leader","Emergency Response Team leader.",NOUN,PREFERRED,FULL_FORM,,"Lider JSR",,,,,
"ERT Engineer","Emergency Response Team.",NOUN,PREFERRED,FULL_FORM,,"Inżynier JSR",,,,,
"ERT Medic","Emergency Response Team.",NOUN,PREFERRED,FULL_FORM,,"Medyk JSR",,,,,
"ERT Security","Emergency Response Team.",NOUN,PREFERRED,FULL_FORM,,"Ochrona JSR",,,,,
"ERT Janitor","Emergency Response Team.",NOUN,PREFERRED,FULL_FORM,,"Sprzątacz JSR",,,,,
"ERT Chaplain","Emergency Response Team.",NOUN,PREFERRED,FULL_FORM,,"Kapłan JSR",,,,,
Prisoner,"Brig inmate; not a crew job.",NOUN,PREFERRED,FULL_FORM,,Więzień,,,,,
Cargo,"Department name.",NOUN,PREFERRED,FULL_FORM,,Logistyka,,,,,
Civilian,"Department name.",NOUN,PREFERRED,FULL_FORM,,Cywilny,,,,,
Command,"Department name.",NOUN,PREFERRED,FULL_FORM,,Dowództwo,,,,,
Engineering,"Department name.",NOUN,PREFERRED,FULL_FORM,,Inżynieryjny,,,,,
Medical,"Department name.",NOUN,PREFERRED,FULL_FORM,,Medyczny,,,,,
Security,"Department name. Crew job is Oficer Ochrony.",NOUN,PREFERRED,FULL_FORM,,Ochrona,,,,,
Science,"Department name.",NOUN,PREFERRED,FULL_FORM,,"Badania i Rozwój",,,,,
R&D,"Research and Development.",NOUN,PREFERRED,ABBREVIATION,,B+R,,,,,
RND,"Alternate abbreviation of R&D.",NOUN,PREFERRED,ABBREVIATION,,B+R,,,,,
Silicon,"Department name.",NOUN,PREFERRED,FULL_FORM,"Crew silicon. Chemistry element is silicon = krzem.",Silikonowy,,,,,
"Central Command","Department name.",NOUN,PREFERRED,FULL_FORM,,"Centralne Dowództwo",,,,,
APC,"Area Power Controller. Keep acronym.",NOUN,PREFERRED,ACRONYM,,LKZ,,,,,
"Area Power Controller","Full form of APC.",NOUN,ADMITTED,FULL_FORM,,"Lokalny Kontroler Zasilania",,,,,
SMES,"Superconducting magnetic energy storage.",NOUN,PREFERRED,ACRONYM,,SMES,,,,,
"Superconducting Magnetic Energy Storage","Full form of SMES.",,,,,"Strefowy Magazyn Energii Superprzewodzącej ",,,,,
"advanced SMES","Higher-capacity SMES.",NOUN,PREFERRED,FULL_FORM,,"zaawansowany SMES",,,,,
substation,"MV power transformer.",NOUN,PREFERRED,FULL_FORM,,podstacja,,,,,
"wallmount substation","Compact substation.",NOUN,PREFERRED,FULL_FORM,,"naścienna podstacja",,,,,
HV,"High voltage. Abbreviation.",NOUN,PREFERRED,ABBREVIATION,,WN,,,,,
MV,"Medium voltage. Abbreviation.",NOUN,PREFERRED,ABBREVIATION,,ŚN,,,,,
LV,"Low voltage. Abbreviation.",NOUN,PREFERRED,ABBREVIATION,,NN,,,,,
"HV cable coil","High-voltage cable.",NOUN,PREFERRED,FULL_FORM,"HV = WN.","zwój kabli WN",,,,,
"MV cable coil","Medium-voltage cable.",NOUN,PREFERRED,FULL_FORM,"MV = ŚN.","zwój kabli ŚN",,,,,
"LV cable coil","Low-voltage / APC cable.",NOUN,PREFERRED,FULL_FORM,"LV = NN.","zwój kabli NN",,,,,
"P.A.C.M.A.N.-type portable generator","Plasma portable generator.",NOUN,PREFERRED,FULL_FORM,PACMAN,"przenośny generator typu P.A.C.M.A.N.",,,,,
"S.U.P.E.R.P.A.C.M.A.N.-type portable generator","Uranium portable generator.",NOUN,PREFERRED,FULL_FORM,,"przenośny generator typu S.U.P.E.R.P.A.C.M.A.N.",,,,,
"J.R.P.A.C.M.A.N.-type portable generator","Welding-fuel portable generator.",NOUN,PREFERRED,FULL_FORM,,"przenośny generator typu J.R.P.A.C.M.A.N.",,,,,
PACMAN,"Short name for P.A.C.M.A.N. generator. Keep acronym.",NOUN,PREFERRED,ACRONYM,,PACMAN,,,,,
"AME controller","Antimatter engine controller.",NOUN,PREFERRED,FULL_FORM,"AME = SAM.","kontroler SAM",,,,,
"AME shielding","Antimatter engine shielding.",NOUN,PREFERRED,FULL_FORM,,"obudowa SAM",,,,,
AME,"Antimatter Engine.",NOUN,PREFERRED,ACRONYM,"Polish acronym SAM.",SAM,,,,,
"Antimatter Engine","Full form of AME.",NOUN,PREFERRED,FULL_FORM,,"silnik antymaterii",,,,,
"thermo-electric generator",TEG.,NOUN,PREFERRED,FULL_FORM,,"termo-elektryczny generator",,,,,
TEG,"Thermo-electric generator. Keep acronym.",NOUN,PREFERRED,ACRONYM,,TEG,,,,,
circulator,"TEG gas circulator.",NOUN,PREFERRED,FULL_FORM,,cyrkulator,,,,,
RTG,"Radioisotope thermoelectric generator. Keep acronym.",NOUN,PREFERRED,ACRONYM,,RTG,,,,,
generator,"Generic thermoelectric generator.",NOUN,PREFERRED,FULL_FORM,,generator,,,,,
"solar panel","Solar power.",NOUN,PREFERRED,FULL_FORM,,"panel słoneczny",,,,,
emitter,"Containment / field emitter.",NOUN,PREFERRED,FULL_FORM,,emiter,,,,,
"containment field generator","Singularity/tesla containment.",NOUN,PREFERRED,FULL_FORM,,"generator pola ochronnego",,,,,
"containment field","Energy field between generators.",NOUN,PREFERRED,FULL_FORM,,"pole ochronne",,,,,
"radiation collector","Singularity power collector.",NOUN,PREFERRED,FULL_FORM,,"kolektor promieniowania",,,,,
"tesla coil","Tesla power tap.",NOUN,PREFERRED,FULL_FORM,,"cewka tesli",,,,,
"gravity generator","Station gravity.",NOUN,PREFERRED,FULL_FORM,,"generator grawitacji",,,,,
"PA control computer","Particle accelerator control.",NOUN,PREFERRED,FULL_FORM,,"komputer sterujący AC",,,,,
"Particle Accelerator","Full form of PA.",NOUN,PREFERRED,FULL_FORM,,"Akcelerator cząstek",,,,,
PA,"Particle Accelerator. Abbreviation.",NOUN,PREFERRED,ABBREVIATION,,AC,,,,,
RCD,"Rapid Construction Device.",NOUN,PREFERRED,ACRONYM,"Polish acronym USK.",USK,,,,,
"Rapid Construction Device","Full form of RCD.",NOUN,PREFERRED,FULL_FORM,"In-game name is USK / RCD.","urządzenie szybkiej konstrukcji",,,,,
RPD,"Rapid Pipe Dispenser.",NOUN,PREFERRED,ACRONYM,"Polish acronym USR.",USR,,,,,
"experimental RCD","Self-charging RCD.",NOUN,PREFERRED,FULL_FORM,,"eksperymentalny USK",,,,,
"compressed matter","RCD ammo.",NOUN,PREFERRED,FULL_FORM,,"sprasowana materia",,,,,
"welding tool",Welder.,NOUN,PREFERRED,FULL_FORM,,spawarka,,,,,
"industrial welding tool","Larger welder.",NOUN,PREFERRED,FULL_FORM,,"spawarka przemysłowa",,,,,
"experimental welding tool","Self-fueling welder.",NOUN,PREFERRED,FULL_FORM,,"eksperymentalna spawarka",,,,,
"emergency welding tool","Mini welder. FTL EN says emergency; PL says miniaturowa.",NOUN,PREFERRED,FULL_FORM,,"miniaturowa spawarka",,,,,
wrench,"Engineering tool.",NOUN,PREFERRED,FULL_FORM,,klucz,,,,,
screwdriver,"Engineering tool.",NOUN,PREFERRED,FULL_FORM,,śrubokręt,,,,,
wirecutter,"Engineering tool.",NOUN,PREFERRED,FULL_FORM,,obcinak,,,,,
crowbar,"Engineering tool.",NOUN,PREFERRED,FULL_FORM,,łom,,,,,
multitool,"Signalling / pulsing tool.",NOUN,PREFERRED,FULL_FORM,"Keep EN version.",multitool,,,,,
"network configurator","Device linking tool.",NOUN,PREFERRED,FULL_FORM,,"konfigurator sieci",,,,,
"power drill","Powered drill.",NOUN,PREFERRED,FULL_FORM,,wiertarka,,,,,
"jaws of life","Emergency pry/cut tool.",NOUN,PREFERRED,PHRASE,,"szczęki życia",,,,,
"t-ray scanner","Subfloor scanner.",NOUN,PREFERRED,FULL_FORM,,"skaner T-promieniowy",,,,,
omnitool,"Drone/borg all-in-one tool.",NOUN,PREFERRED,FULL_FORM,"Keep EN version.",omnitool,,,,,
"holofan projector","Atmos holofan.",NOUN,PREFERRED,FULL_FORM,,"projektor holowentylatorowy",,,,,
"holographic sign projector","Holosign projector.",NOUN,PREFERRED,FULL_FORM,,"projektor holograficzny",,,,,
"air alarm","Atmos monitoring alarm.",NOUN,PREFERRED,FULL_FORM,,"alarm atmosferyczny",,,,,
"fire alarm","Fire warning.",NOUN,PREFERRED,FULL_FORM,,"alarm pożarowy",,,,,
"air vent","Unary atmos vent.",NOUN,PREFERRED,FULL_FORM,,"otwór wentylacyjny",,,,,
"air scrubber","Unary atmos scrubber.",NOUN,PREFERRED,FULL_FORM,,"oczyszczacz powietrza",,,,,
"passive vent","Unpowered vent.",NOUN,PREFERRED,FULL_FORM,,"pasywny otwór wentylacyjny",,,,,
"air injector","Unary injector.",NOUN,PREFERRED,FULL_FORM,,"wtryskiwacz powietrza",,,,,
"gas pump","Binary pressure pump.",NOUN,PREFERRED,FULL_FORM,,"pompka ciśnieniowa",,,,,
"volumetric gas pump","Binary volume pump.",NOUN,PREFERRED,FULL_FORM,,"pompka objętościowa",,,,,
"passive gate","One-way unpowered valve.",NOUN,PREFERRED,FULL_FORM,,"zawór pasywny",,,,,
"manual valve","Manual pipe valve.",NOUN,PREFERRED,FULL_FORM,,"zawór ręczny",,,,,
"signal valve","Signal-controlled valve.",NOUN,PREFERRED,FULL_FORM,,"zawór sterowany sygnałem",,,,,
"pneumatic valve","Pressure-controlled valve.",NOUN,PREFERRED,FULL_FORM,,"zawór pneumatyczny",,,,,
"connector port","Canister/portable atmos port.",NOUN,PREFERRED,FULL_FORM,,"port gazowy",,,,,
"gas filter","Trinary filter.",NOUN,PREFERRED,FULL_FORM,,"filtr gazu",,,,,
"gas mixer","Trinary mixer.",NOUN,PREFERRED,FULL_FORM,,"mieszalnik gazu",,,,,
"gas recycler","CO2/N2O recycler.",NOUN,PREFERRED,FULL_FORM,,"recykler gazu",,,,,
radiator,"Pipe heat exchanger.",NOUN,PREFERRED,FULL_FORM,,radiator,,,,,
freezer,"Atmos freezer. EN UI name is freezer.",NOUN,PREFERRED,FULL_FORM,,"termomaszyna chłodząca",,,,,
heater,"Atmos heater. EN UI name is heater.",NOUN,PREFERRED,FULL_FORM,,"termomaszyna grzejąca",,,,,
thermomachine,"Generic atmos heater/freezer.",NOUN,PREFERRED,FULL_FORM,,termomaszyna,,,,,
condenser,"Gas-to-liquid condenser.",NOUN,PREFERRED,FULL_FORM,,"kondensator gazu",,,,,
"portable scrubber","Portable atmos scrubber.",NOUN,PREFERRED,FULL_FORM,,"przenośny oczyszczacz powietrza",,,,,
"space heater","Portable temperature unit.",NOUN,PREFERRED,FULL_FORM,,"termomaszyna kosmiczna",,,,,
"gas miner","Atmos gas miner.",NOUN,PREFERRED,FULL_FORM,,"koparka gazu",,,,,
"inflatable barricade","Engineering inflatable wall.",NOUN,PREFERRED,FULL_FORM,,"dmuchana barykada",,,,,
"inflatable door","Engineering inflatable door.",NOUN,PREFERRED,FULL_FORM,,"dmuchane drzwi",,,,,
lathe,"Generic production lathe.",NOUN,PREFERRED,FULL_FORM,"Masculine coined noun: lat / latu / latach. Not tokarka.",lat,,,,,
autolathe,"Basic lathe. Shared with cargo but used by eng.",NOUN,PREFERRED,FULL_FORM,"Not autotokarka. Inflect autolatu.",autolat,,,,,
"hyper convection autolathe","Heated autolathe variant.",NOUN,PREFERRED,FULL_FORM,,"autolat z hiperkonwekcją",,,,,
"Flatpacker 1001","Industrial machine packer.",NOUN,PREFERRED,FULL_FORM,,"Pakowacz 1001",,,,,
recycler,"Trash/recycler crusher.",NOUN,PREFERRED,FULL_FORM,,"maszyna do recyklingu",,,,,
"vending machine","Generic vendor.",NOUN,PREFERRED,FULL_FORM,,"automat sprzedający",,,,,
"condiment station","Kitchen condiment vendor.",NOUN,PREFERRED,FULL_FORM,,"automat z przyprawami",,,,,
"liberation station","Ammo vendor. EN brand name.",NOUN,PREFERRED,FULL_FORM,"PL uses descriptive name.","automat z amunicją",,,,,
Booze-O-Mat,"Bar alcohol vendor. Keep as brand.",PROPN,PREFERRED,FULL_FORM,,AlkoMat,,,,,
Bruise-O-Mat,"Syndicate booze vendor.",PROPN,PREFERRED,FULL_FORM,,NarąboMat,,,,,
PTech,"PDA/cartridge vendor. Keep brand.",PROPN,PREFERRED,FULL_FORM,,PTech,,,,,
ChefVend,"Chef ingredient vendor.",PROPN,PREFERRED,FULL_FORM,,SzefVend,,,,,
"ShadyCigs Deluxe","Cigarette vendor. Keep brand.",PROPN,PREFERRED,FULL_FORM,,"ShadyCigs Deluxe",,,,,
ClothesMate,"Clothing vendor.",PROPN,PREFERRED,FULL_FORM,,OdzieżoMat,,,,,
WinterDrobe,"Winter clothing vendor.",PROPN,PREFERRED,FULL_FORM,,ZimoDrób,,,,,
"Solar's Best Hot Drinks","Coffee vendor.",PROPN,PREFERRED,PHRASE,,"Najlepsze gorące napoje w Słonecznym",,,,,
"Robust Softdrinks","Cola vendor.",PROPN,PREFERRED,FULL_FORM,,"Napoje chłodzące Robust",,,,,
"Space Cola Vendor","Cola variant.",NOUN,PREFERRED,FULL_FORM,,"automat Space Cola",,,,,
"Space-Up! Vendor","Soda vendor.",NOUN,PREFERRED,FULL_FORM,,"automat Space-Up!",,,,,
"Star-kist Vendor","Soda vendor.",NOUN,PREFERRED,FULL_FORM,,"automat Star-kist",,,,,
"Shambler's Juice Vendor","Soda vendor.",NOUN,PREFERRED,FULL_FORM,,"automat Shambler's Juice",,,,,
"Pwr Game Vendor","Soda vendor.",NOUN,PREFERRED,FULL_FORM,,"automat Pwr Game",,,,,
"Dr. Gibb Vendor","Soda vendor.",NOUN,PREFERRED,FULL_FORM,,"automat Doktor Gib",,,,,
"Smite Vendor","Soda vendor.",NOUN,PREFERRED,FULL_FORM,,"automat Smite",,,,,
"Plasteel Chef's Dinnerware Vendor","Kitchenware vendor.",NOUN,PREFERRED,FULL_FORM,,NaczynioMat,,,,,
MagiVend,"Wizard vendor.",PROPN,PREFERRED,FULL_FORM,,CzaroMat,,,,,
"Discount Dan's","Discount snack vendor.",PROPN,PREFERRED,FULL_FORM,,"Discount Dan",,,,,
Engi-Vend,"Engineering spare parts vendor.",PROPN,PREFERRED,FULL_FORM,,InżyMat,,,,,
"NanoMed Civilian","Civilian chem vendor.",PROPN,PREFERRED,FULL_FORM,,"NanoMed Cywilny",,,,,
"NanoMed Plus","Medical chem vendor. Keep brand.",PROPN,PREFERRED,FULL_FORM,,"NanoMed Plus",,,,,
NanoMed,"Wall-mounted medical vendor. Keep brand.",PROPN,PREFERRED,FULL_FORM,,NanoMed,,,,,
"NanoMed band-aid","Wall-mounted civilian medical vendor.",NOUN,PREFERRED,FULL_FORM,,"NanoMed opatrunkowy",,,,,
NutriMax,"Hydroponics nutrient vendor.",PROPN,PREFERRED,FULL_FORM,,NutriMaks,,,,,
SecTech,"Security equipment vendor. Keep brand.",PROPN,PREFERRED,FULL_FORM,,SecTech,,,,,
"MegaSeed Servitor","Seed vendor.",NOUN,PREFERRED,FULL_FORM,,"MegaDystrybutor Nasion",,,,,
"Getmore Chocolate Corp","Snack vendor.",PROPN,PREFERRED,FULL_FORM,,"Czekolady Getmore sp. z o.o.",,,,,
"Sustenance Vendor","Prison food vendor.",NOUN,PREFERRED,FULL_FORM,,WięźnioMat,,,,,
VODA,"Soviet soda vendor. Cyrillic brand.",PROPN,PREFERRED,FULL_FORM,"Suffix VODA.",BODA,,,,,
AutoDrobe,"Costume vendor.",PROPN,PREFERRED,FULL_FORM,,AutoDeroba,,,,,
Vendomat,"Generic robust equipment vendor. Keep brand.",PROPN,PREFERRED,FULL_FORM,,Vendomat,,,,,
"Robotech Deluxe","Robotics vendor. Keep brand.",PROPN,PREFERRED,FULL_FORM,,"Robotech Deluxe",,,,,
YouTool,"Tool vendor.",PROPN,PREFERRED,FULL_FORM,,TyNarzędzie,,,,,
"Good Clean Fun","Games vendor.",PROPN,PREFERRED,PHRASE,,"Czysta Frajda",,,,,
"Mr. Chang","Chinese food vendor.",PROPN,PREFERRED,FULL_FORM,,"Pan Huang",,,,,
"Monkin' Donuts","Donut vendor. Keep brand.",PROPN,PREFERRED,FULL_FORM,,"Monkin' Donuts",,,,,
HyDrobe,"Botany wardrobe.",PROPN,PREFERRED,FULL_FORM,,HyDeroba,,,,,
LawDrobe,"Lawyer wardrobe.",PROPN,PREFERRED,FULL_FORM,,PrawoDeroba,,,,,
SecDrobe,"Security wardrobe.",PROPN,PREFERRED,FULL_FORM,,OchroDeroba,,,,,
BarDrobe,"Bartender wardrobe.",PROPN,PREFERRED,FULL_FORM,,BarDeroba,,,,,
PietyVend,"Chaplain vendor.",PROPN,PREFERRED,FULL_FORM,,BogoMat,,,,,
CargoDrobe,"Cargo wardrobe.",PROPN,PREFERRED,FULL_FORM,,LogiDeroba,,,,,
MediDrobe,"Medical wardrobe.",PROPN,PREFERRED,FULL_FORM,,MedyDeroba,,,,,
ChemDrobe,"Chemistry wardrobe.",PROPN,PREFERRED,FULL_FORM,,ChemDeroba,,,,,
CuraDrobe,"Librarian wardrobe.",PROPN,PREFERRED,FULL_FORM,,BibliDeroba,,,,,
AtmosDrobe,"Atmos wardrobe.",PROPN,PREFERRED,FULL_FORM,,AtmoDeroba,,,,,
EngiDrobe,"Engineering wardrobe.",PROPN,PREFERRED,FULL_FORM,,InżyDeroba,,,,,
ChefDrobe,"Chef wardrobe.",PROPN,PREFERRED,FULL_FORM,,SzefDeroba,,,,,
DetDrobe,"Detective wardrobe.",PROPN,PREFERRED,FULL_FORM,,DetyDrób,,,,,
JaniDrobe,"Janitor wardrobe.",PROPN,PREFERRED,FULL_FORM,,WoźnoDrób,,,,,
SciDrobe,"Science wardrobe.",PROPN,PREFERRED,FULL_FORM,,NaukoDrób,,,,,
SyndieDrobe,"Syndicate wardrobe.",PROPN,PREFERRED,FULL_FORM,,SyndyDrób,,,,,
RoboDrobe,"Roboticist wardrobe.",PROPN,PREFERRED,FULL_FORM,,RoboDrób,,,,,
GeneDrobe,"Genetics wardrobe.",PROPN,PREFERRED,FULL_FORM,,GenDeroba,,,,,
ViroDrobe,"Virology wardrobe.",PROPN,PREFERRED,FULL_FORM,,WiruDrób,,,,,
CentDrobe,"CentComm wardrobe.",PROPN,PREFERRED,FULL_FORM,,CentDrób,,,,,
"Happy Honk Dispenser","Clown meal vendor.",PROPN,PREFERRED,FULL_FORM,"Keep EN version.","Happy Honk",,,,,
Pride-O-Mat,"Pride vendor.",PROPN,PREFERRED,FULL_FORM,,DumoMat,,,,,
"gas tank dispenser","EVA/eng tank vendor.",NOUN,PREFERRED,FULL_FORM,,"dystrybutor butli gazowych",,,,,
ChemVend,"Chemistry reagent vendor.",PROPN,PREFERRED,FULL_FORM,,ChemoMat,,,,,
SyndieJuice,"Syndicate ChemVend.",PROPN,PREFERRED,FULL_FORM,,SyndySokoMat,,,,,
"ChemMaster 4000","Chem pill/bottle machine. Keep brand.",PROPN,PREFERRED,FULL_FORM,,"ChemMaster 4000",,,,,
"electrolysis unit","Chemistry electrolysis.",NOUN,PREFERRED,FULL_FORM,,"urządzenie do elektrolizy",,,,,
"tabletop centrifuge","Chemistry centrifuge.",NOUN,PREFERRED,FULL_FORM,,"wirówka stołowa",,,,,
hotplate,"Beaker heater.",NOUN,PREFERRED,FULL_FORM,,"płyta grzejna",,,,,
"reagent grinder","Chem/kitchen grinder. EN name; PL is młynek.",NOUN,PREFERRED,FULL_FORM,,młynek,,,,,
"industrial reagent grinder","Industrial chem grinder.",NOUN,PREFERRED,FULL_FORM,,"przemysłowy młynek",,,,,
"cloning pod",Cloner.,NOUN,PREFERRED,FULL_FORM,,"kapsuła do klonowania",,,,,
"cloning console computer","Cloning control console.",NOUN,PREFERRED,FULL_FORM,"Also listed as Computer.","konsola klonowania",,,,,
"medical scanner","Cloning/body scanner bed.",NOUN,PREFERRED,FULL_FORM,,"skaner medyczny",,,,,
"cryo pod","Cryo treatment pod.",NOUN,PREFERRED,FULL_FORM,,kriokomora,,,,,
vaccinator,"Vaccine machine.",NOUN,PREFERRED,FULL_FORM,,szczepioniarka,,,,,
"Disease Diagnoser Delta Extreme","Disease analyzer.",NOUN,PREFERRED,FULL_FORM,,"Diagnozator chorób Delta Extreme",,,,,
"biomass reclaimer",Corpse-to-biomass.,NOUN,PREFERRED,FULL_FORM,,"maszyna do odzyskiwania biomasy",,,,,
"stasis bed","Metabolism-slowing bed. FTL has stasis łóżko.",NOUN,PREFERRED,FULL_FORM,"Prefer łóżko stazy over stasis łóżko.","łóżko stazy",,,,,
"operating table","Surgery table. pl-PL FTL still English.",NOUN,PREFERRED,FULL_FORM,,"stół operacyjny",,,,,
morgue,"Body storage.",NOUN,PREFERRED,FULL_FORM,,kostnica,,,,,
crematorium,"Body incinerator.",NOUN,PREFERRED,FULL_FORM,,krematorium,,,,,
"medical techfab","Med lathe.",NOUN,PREFERRED,FULL_FORM,,"fabrykator sprzętu medycznego",,,,,
SmartFridge,"Refrigerated storage. Often in medbay.",NOUN,PREFERRED,FULL_FORM,,"Inteligentna lodówka",,,,,
"lipid extractor","Fat extractor.",NOUN,PREFERRED,FULL_FORM,,"ekstraktor lipidów",,,,,
"body scanner computer","Linked scanner console. pl-PL FTL still English.",NOUN,PREFERRED,FULL_FORM,,"komputer skanera ciała",,,,,
protolathe,"Science lathe.",NOUN,PREFERRED,FULL_FORM,"Not prototokarka. Inflect protolatu.",protolat,,,,,
"hyper convection protolathe","Heated protolathe variant.",NOUN,PREFERRED,FULL_FORM,,"protolat z hiperkonwekcją",,,,,
"circuit imprinter","Circuit board printer.",NOUN,PREFERRED,FULL_FORM,,"drukarka płytek",,,,,
"hyper convection circuit imprinter","Heated circuit imprinter.",NOUN,PREFERRED,FULL_FORM,,"drukarka płytek z hiperkonwekcją",,,,,
techfab,"Department production lathe. Keep.",NOUN,PREFERRED,FULL_FORM,,"techfab",,,,,
"music techfab","Musician lathe.",NOUN,PREFERRED,FULL_FORM,,"techfab muzyczny",,,,,
"cargo techfab","Cargo lathe.",NOUN,PREFERRED,FULL_FORM,,"techfab logistyczny",,,,,
"nuclear fabricator","Fission parts lathe.",NOUN,PREFERRED,FULL_FORM,,"fabrykator jądrowy",,,,,
"anti-matter fabricator","AME fuel lathe.",NOUN,PREFERRED,FULL_FORM,,"fabrykator antymaterialny",,,,,
"document printer","Corvax paperwork printer.",NOUN,PREFERRED,FULL_FORM,,"drukarka dokumentów",,,,,
"exosuit fabricator","Robotics lathe.",NOUN,PREFERRED,FULL_FORM,,"fabrykator egzoszkieletów",,,,,
"biocube fabricator","Animal cube lathe.",NOUN,PREFERRED,FULL_FORM,,"fabrykator biokostek",,,,,
"R&D server","Research server.",NOUN,PREFERRED,FULL_FORM,,"serwer badawczo-rozwojowy",,,,,
"R&D computer","Research console.",NOUN,PREFERRED,FULL_FORM,"Also listed as Computer.","komputer rozwoju i badań",,,,,
"artifact analyzer","Xenoarch analyzer.",NOUN,PREFERRED,FULL_FORM,,"analizator artefaktów",,,,,
"artifact crusher","Xenoarch crusher.",NOUN,PREFERRED,FULL_FORM,,"kruszarka artefaktów",,,,,
"analysis console","Artifact analysis console.",NOUN,PREFERRED,FULL_FORM,"Also listed as Computer.","konsola analizy",,,,,
"anomaly vessel","Anomaly research vessel.",NOUN,PREFERRED,FULL_FORM,,"naczynie anomalne",,,,,
"experimental anomaly vessel","Advanced anomaly vessel.",NOUN,PREFERRED,FULL_FORM,,"eksperymentalne naczynie anomalne",,,,,
A.P.E.,"Anomalous Particle Emitter.",NOUN,PREFERRED,ACRONYM,"Polish acronym M.A.K.A.K.",M.A.K.A.K.,,,,,
"anomaly generator","Spawns anomalies.",NOUN,PREFERRED,FULL_FORM,,"generator anomalii",,,,,
"anomaly synchronizer","Anomaly-to-signal device.",NOUN,PREFERRED,FULL_FORM,,"synchronizator anomalii",,,,,
"tech disk terminal","Prints tech disks.",NOUN,PREFERRED,FULL_FORM,,"terminal dysków technologicznych",,,,,
"material silo","Bluespace material network.",NOUN,PREFERRED,FULL_FORM,,"silos materiałów",,,,,
"seed extractor","Botany; extracts seeds.",NOUN,PREFERRED,FULL_FORM,,"ekstraktor nasion",,,,,
"ore processor","Science/cargo smelter.",NOUN,PREFERRED,FULL_FORM,,"przetwornik rudy",,,,,
"industrial ore processor","Bulk smelter.",NOUN,PREFERRED,FULL_FORM,,"przemysłowy przetwornik rudy",,,,,
"sheet-meister 2000",Sheetifier.,NOUN,PREFERRED,FULL_FORM,,"arkusz-master 2000",,,,,
"cutter machine","Floor tile cutter.",NOUN,PREFERRED,FULL_FORM,,"maszyna tnąca",,,,,
"uniform printer","Clothing printer.",NOUN,PREFERRED,FULL_FORM,,"drukarka mundurów",,,,,
biogenerator,"Plants to biomass.",NOUN,PREFERRED,FULL_FORM,,biogenerator,,,,,
"security techfab","Sec lathe.",NOUN,PREFERRED,FULL_FORM,,"fabrykator sprzętu ochrony",,,,,
"ammo techfab","Ammo lathe.",NOUN,PREFERRED,FULL_FORM,,"fabrykator amunicji",,,,,
"atmospheric alerts computer","Atmos/fire alerts.",NOUN,PREFERRED,FULL_FORM,,"komputer alarmów atmosferycznych",,,,,
"atmospheric network monitor","Pipe net monitor.",NOUN,PREFERRED,FULL_FORM,,"monitor sieci atmosferycznej",,,,,
"emergency shuttle console","Early-launch auth.",NOUN,PREFERRED,FULL_FORM,,"konsola wahadłowca ewakuacyjnego",,,,,
"shuttle console","Generic shuttle helm. One EN FTL entry still untranslated.",NOUN,PREFERRED,FULL_FORM,,"konsola wahadłowca",,,,,
"syndicate shuttle console","Nukeop shuttle helm.",NOUN,PREFERRED,FULL_FORM,,"konsola wahadłowca syndykatu",,,,,
"cargo shuttle console","Cargo shuttle helm.",NOUN,PREFERRED,FULL_FORM,,"konsola wahadłowca logistycznego",,,,,
"salvage shuttle console","Salvage shuttle helm.",NOUN,PREFERRED,FULL_FORM,,"konsola wahadłowca odzysku",,,,,
"IFF computer","Identify Friend/Foe.",NOUN,PREFERRED,FULL_FORM,,"konsola systemu rozpoznawania",,,,,
"power monitoring computer","Station power map.",NOUN,PREFERRED,FULL_FORM,,"komputer monitorujący zasilanie",,,,,
"medical records computer","Med records.",NOUN,PREFERRED,FULL_FORM,,"komputer do rejestrów medycznych",,,,,
"criminal records computer","Sec records.",NOUN,PREFERRED,FULL_FORM,,"komputer do rejestrów kryminalnych",,,,,
"station records computer","General records.",NOUN,PREFERRED,FULL_FORM,,"komputer do rejestrów stacji",,,,,
"crew monitoring console","Suit sensors.",NOUN,PREFERRED,FULL_FORM,,"konsola monitorowania załogi",,,,,
"crew monitoring server","Relays suit sensors.",NOUN,PREFERRED,FULL_FORM,,"serwer monitorowania załogi",,,,,
"ID card computer","HoP ID console.",NOUN,PREFERRED,FULL_FORM,,"komputer kart identyfikacyjnych",,,,,
"communications computer","Announcements and alerts.",NOUN,PREFERRED,FULL_FORM,,"komputer komunikacyjny",,,,,
"syndicate communications computer","Hostile comms.",NOUN,PREFERRED,FULL_FORM,,"komputer komunikacyjny syndykatu",,,,,
"wizard communications computer","Wizard comms.",NOUN,PREFERRED,FULL_FORM,,"komputer komunikacyjny czarodzieja",,,,,
"central command communications computer","CentComm comms.",NOUN,PREFERRED,FULL_FORM,,"komputer komunikacyjny centralnego dowództwa",,,,,
"science communications computer","Department comms.",NOUN,PREFERRED,FULL_FORM,,"konsola komunikacyjna nauki",,,,,
"security communications computer","Department comms.",NOUN,PREFERRED,FULL_FORM,,"konsola komunikacyjna ochrony",,,,,
"service communications computer","Department comms.",NOUN,PREFERRED,FULL_FORM,,"konsola komunikacyjna serwisu",,,,,
"cargo communications computer","Department comms.",NOUN,PREFERRED,FULL_FORM,,"konsola komunikacyjna zaopatrzenia",,,,,
"engineering communications computer","Department comms.",NOUN,PREFERRED,FULL_FORM,,"konsola komunikacyjna inżynierii",,,,,
"medical communications computer","Department comms.",NOUN,PREFERRED,FULL_FORM,,"konsola komunikacyjna medycyny",,,,,
"solar control computer","Solar array control.",NOUN,PREFERRED,FULL_FORM,,"komputer do kontroli paneli słonecznych",,,,,
"mass scanner computer","Radar / mass scanner.",NOUN,PREFERRED,FULL_FORM,,"komputer skanera masy",,,,,
"cargo request computer","Cargo orders.",NOUN,PREFERRED,FULL_FORM,,"komputer zamówień logistycznych",,,,,
"engineering request computer","Department orders.",NOUN,PREFERRED,FULL_FORM,,"komputer zamówień działu inżynieryjnego",,,,,
"medical request computer","Department orders.",NOUN,PREFERRED,FULL_FORM,,"komputer zamówień działu medycznego",,,,,
"science request computer","Department orders.",NOUN,PREFERRED,FULL_FORM,,"komputer zamówień działu badań",,,,,
"security request computer","Department orders.",NOUN,PREFERRED,FULL_FORM,,"komputer zamówień działu ochrony",,,,,
"service request computer","Department orders.",NOUN,PREFERRED,FULL_FORM,,"komputer zamówień działu obsługi",,,,,
"cargo bounty computer","Cargo bounties.",NOUN,PREFERRED,FULL_FORM,,"komputer nagród logistycznych",,,,,
"funding allocation computer","Budget split.",NOUN,PREFERRED,FULL_FORM,,"komputer do alokacji funduszy",,,,,
"salvage job board","Salvage jobs. pl-PL FTL still English.",NOUN,PREFERRED,FULL_FORM,,"tablica zleceń odzysku",,,,,
"salvage expeditions computer","Salvage missions.",NOUN,PREFERRED,FULL_FORM,,"komputer ekspedycji ratunkowej",,,,,
"camera monitor","Wired cameras.",NOUN,PREFERRED,FULL_FORM,,"monitor kamer",,,,,
"wireless camera monitor","Wireless cameras.",NOUN,PREFERRED,FULL_FORM,,"monitor kamer bezprzewodowych",,,,,
"xenoborg camera monitor","Xenoborg cams. pl-PL FTL still English.",NOUN,PREFERRED,FULL_FORM,,"monitor kamer ksenoborgów",,,,,
"cargo sale computer","Pallet sales.",NOUN,PREFERRED,FULL_FORM,,"komputer sprzedaży ładunków",,,,,
"news manager console","Station news.",NOUN,PREFERRED,FULL_FORM,,"komputer zarządzania mediami",,,,,
"sensor monitoring computer","Debug/test console.",NOUN,ADMITTED,FULL_FORM,,"komputer monitorowania sensorów",,,,,
"robotics control console","Borg control.",NOUN,PREFERRED,FULL_FORM,,"konsola do kontroli robotyki",,,,,
"xenoborgs control console","Xenoborg control. pl-PL FTL still English.",NOUN,PREFERRED,FULL_FORM,,"konsola kontroli ksenoborgów",,,,,
"AI upload console","AI law upload.",NOUN,PREFERRED,FULL_FORM,,"konsola do przesyłania SI",,,,,
"AI restoration console","Repair AI. pl-PL FTL still English.",NOUN,PREFERRED,FULL_FORM,,"konsola przywracania SI",,,,,
"syndicate delivery computer","Nukeop bluespace orders. pl-PL FTL still English.",NOUN,PREFERRED,FULL_FORM,,"komputer dostaw syndykatu",,,,,
"supermatter monitoring console","SM crystal monitor.",NOUN,PREFERRED,FULL_FORM,,"konsola monitorująca supermaterię",,,,,
"nuclear reactor monitor","Far Horizons reactor.",NOUN,PREFERRED,FULL_FORM,,"monitor reaktora jądrowego",,,,,
"gas turbine monitor","Far Horizons turbine. pl-PL FTL still English.",NOUN,PREFERRED,FULL_FORM,,"monitor turbiny gazowej",,,,,
"telecommunication server","Radio server.",NOUN,PREFERRED,FULL_FORM,,"serwer telekomunikacyjny",,,,,
holopad,"Holographic call pad. Keep loanword.",NOUN,PREFERRED,FULL_FORM,,holopad,,,,,
"long-range holopad","Cross-map holopad.",NOUN,PREFERRED,FULL_FORM,,"holopad dalekiego zasięgu",,,,,
"long range fax machine","Station fax.",NOUN,PREFERRED,FULL_FORM,,"faks dalekiego zasięgu",,,,,
arcade,"Arcade cabinet.",NOUN,PREFERRED,FULL_FORM,,"automat do gier",,,,,
"space villain arcade","Space Villain cabinet.",NOUN,PREFERRED,FULL_FORM,,"Kosmiczny Złoczyńca",,,,,
"NT block game","Tetris-like arcade.",NOUN,PREFERRED,FULL_FORM,,NTetrys,,,,,
"Central Command","NT authority above the station.",PROPN,PREFERRED,FULL_FORM,,"Centralne Dowództwo",,,,,
Nanotrasen,"Corporation that owns the station. Keep name.",PROPN,PREFERRED,FULL_FORM,"Also spelled NanoTrasen in prototypes.",Nanotrasen,,,,,
NanoTrasen,"Prototype spelling of Nanotrasen.",PROPN,ADMITTED,FULL_FORM,"Prefer Nanotrasen in running text.",NanoTrasen,,,,,
NT,"Abbreviation of Nanotrasen. Keep.",PROPN,PREFERRED,ABBREVIATION,,NT,,,,,
Syndicate,"Antagonist umbrella faction.",PROPN,PREFERRED,FULL_FORM,,Syndykat,,,,,
"The Syndicate","Full faction name.",PROPN,PREFERRED,FULL_FORM,,Syndykat,,,,,
CentComm,"Abbreviation of Central Command.",PROPN,PREFERRED,ABBREVIATION,"Beacon: Biuro CD. Prose: Centralne Dowództwo.",CD,,,,,
CentCom,"Alternate spelling of CentComm.",PROPN,PREFERRED,ABBREVIATION,,CD,,,,,
NTSRA,"CentComm / ancient EVA branch. Keep acronym.",PROPN,PREFERRED,ACRONYM,"NTSRA voidsuit / helmet.",NTSRA,,,,,
"Emergency Response Team","CentComm response unit.",NOUN,PREFERRED,FULL_FORM,"ERT = JSR.","Jednostka Szybkiego Reagowania",,,,,
ERT,"Emergency Response Team.",NOUN,PREFERRED,ACRONYM,,JSR,,,,,
JSR,"Polish acronym of ERT. Keep in Polish.",NOUN,PREFERRED,ACRONYM,,JSR,,,,,
"Wizard Federation","Wizard faction.",PROPN,PREFERRED,FULL_FORM,,"Federacja Czarodziejów",,,,,
"Space Wizards Federation","Full name in wizard objectives.",PROPN,PREFERRED,FULL_FORM,objective-issuer-swf.,"Federacja Kosmicznych Czarodziejów",,,,,
"Spider Clan","Space ninja faction.",PROPN,PREFERRED,FULL_FORM,,"Klan Pająka",,,,,
"Cybersun Industries","Syndicate corporation. Keep brand.",PROPN,PREFERRED,FULL_FORM,,"Cybersun Industries",,,,,
"CyberSun Industries","Traitor dataset spelling of Cybersun.",PROPN,ADMITTED,FULL_FORM,"Prefer Cybersun Industries.","Cybersun Industries",,,,,
"Gorlex Marauders","Syndicate military branch.",PROPN,PREFERRED,FULL_FORM,,"Maruderzy Gorlex",,,,,
"Donk Corporation","Syndicate corporation",PROPN,PREFERRED,FULL_FORM,,"Donk sp. z o.o.",,,,,
"Donk Co.","Abbreviation of Donk Corporation",PROPN,PREFERRED,ABBREVIATION,,"Donk sp. z o.o.",,,,,
"Waffle Corporation","Syndicate corporation",PROPN,PREFERRED,FULL_FORM,,"Korporacja ""Wafle""",,,,,
"Waffle Co.","Abbreviation of Waffle Corporation",PROPN,PREFERRED,ABBREVIATION,,"Korp. ""Wafle""",,,,,
"Interdyne Pharmaceutics","Syndicate/pharma corp. Keep brand.",PROPN,ADMITTED,FULL_FORM,,"Interdyne Pharmaceutics",,,,,
MI13,"Syndicate intelligence cell. Keep acronym.",PROPN,PREFERRED,ACRONYM,,MI13,,,,,
"Tiger Cooperative","Syndicate cell / Hy-lurgixon cult.",PROPN,PREFERRED,FULL_FORM,,"Współpraca Tygrysa",,,,,
S.E.L.F.,"Syndicate silicon-rights cell. Keep acronym.",PROPN,PREFERRED,ACRONYM,,S.E.L.F.,,,,,
SELF,"S.E.L.F. without dots.",PROPN,ADMITTED,ACRONYM,"Prefer S.E.L.F.",S.E.L.F.,,,,,
"Animal Rights Consortium","Syndicate cell.",PROPN,PREFERRED,FULL_FORM,,"Konsorcjum Praw Zwierząt",,,,,
ARC,"Abbreviation of Animal Rights Consortium. Keep.",PROPN,PREFERRED,ABBREVIATION,,KPZ,,,,,
"Bee Liberation Front","Syndicate cell. Goob traitor flavor.",PROPN,PREFERRED,FULL_FORM,,"Front Wyzwolenia Pszczół",,,,,
BLF,"Abbreviation of Bee Liberation Front. Keep.",PROPN,PREFERRED,ABBREVIATION,,FWP,,,,,
Xeno,"Alien NPC faction. Often kept.",PROPN,ADMITTED,FULL_FORM,"Salvage: Xenos.",Xeno,,,,,
Xenos,"Salvage faction name.",PROPN,ADMITTED,FULL_FORM,,Xenos,,,,,
Revolutionary,"Converted revolutionary.",NOUN,PREFERRED,FULL_FORM,"Same word as faction; context is the role.",Rewolucjonista,,,,,
"Blood Cult","Nar'Sie cult faction.",PROPN,PREFERRED,FULL_FORM,,"Kult Krwi",,,,,
BloodCultist,"npcFaction id for Blood Cult.",PROPN,ADMITTED,FULL_FORM,"UI: Kult Krwi / Kultysta Krwi.","Kult Krwi",,,,,
"Cult of the Geometer of Blood","Full name of Blood Cult.",PROPN,PREFERRED,FULL_FORM,dynamic.ftl.,"Kult Geometry Krwi",,,,,
"Nar'Sie","Blood Cult deity. Keep name.",PROPN,PREFERRED,FULL_FORM,Geometer of Blood,Nar'Sie,,,,,
"Geometer of Blood","Title of Nar'Sie.",NOUN,PREFERRED,FULL_FORM,,"Geometra Krwi",,,,,
"Cosmic Cult","Delta-V / Polonium cult faction.",PROPN,PREFERRED,FULL_FORM,,"Kult Kosmiczny",,,,,
Pirates,"Pirate antagonist faction.",NOUN,PREFERRED,FULL_FORM,"Role Pirate = Pirat.",Piraci,,,,,
"Scarborough Arms","Syndicate arms brand on C-20r poster. Keep.",PROPN,PREFERRED,FULL_FORM,,"Scarborough Arms",,,,,
"Donut Corp.","Poster rival brand. Keep.",PROPN,PREFERRED,FULL_FORM,,"Donut Corp.",,,,,
Carps,"Salvage expedition faction (salvage-faction-carps).",PROPN,PREFERRED,FULL_FORM,,Karpie,,,,,
Dragon,"NPC faction id for space dragons.",NOUN,PREFERRED,FULL_FORM,"Role Space Dragon = Smok kosmiczny.",Smok,,,,,
Dino,"Impstation NPC faction. Keep.",NOUN,ADMITTED,FULL_FORM,,Dino,,,,,
Revolution,"Revolutionary movement.",NOUN,PREFERRED,FULL_FORM,preset-revolutionary.,Rewolucja,,,,,
Revolutionaries,"Gamemode title (rev-title).",NOUN,PREFERRED,FULL_FORM,,Rewolucjoniści,,,,,
"The Hivemind","Changeling objective issuer.",PROPN,PREFERRED,FULL_FORM,objective-issuer-changeling.,Umysł-Kolektywny,,,,,
Hivemind,"Hivemind without The.",PROPN,ADMITTED,FULL_FORM,"Prefer The Hivemind.",Umysł-Kolektywny,,,,,
"The Mansus","Heretic objective issuer. Keep Mansus.",PROPN,PREFERRED,FULL_FORM,objective-issuer-heretic.,Mansus,,,,,
Mansus,"Heretic dimension / brand. Keep.",PROPN,PREFERRED,FULL_FORM,,Mansus,,,,,
"The Unknown","Cosmic Cult objective issuer.",PROPN,PREFERRED,FULL_FORM,objective-issuer-cosmiccult.,Nieznajomy,,,,,
"Clockwork Cult","Ratvar cult. Lore / bible.",PROPN,PREFERRED,FULL_FORM,,"Kult Zegarowy",,,,,
Ratvar,"Clockwork Cult deity. Keep name.",PROPN,PREFERRED,FULL_FORM,,Ratvar,,,,,
"Clockwork Justiciar","Title of Ratvar.",NOUN,PREFERRED,FULL_FORM,,"Zegarowy Justycjariusz",,,,,
"Clockwork Justice","Title of Ratvar in PL bible.",NOUN,ADMITTED,FULL_FORM,,"Zegar Sprawiedliwości",,,,,
Hy-lurgixon,"Tiger Cooperative deity. Keep.",PROPN,PREFERRED,FULL_FORM,,Hy-lurgixon,,,,,
"Robust Industries","Vending brand. Keep.",PROPN,PREFERRED,FULL_FORM,,"Robust Industries",,,,,
"Robust Industries, LLC","Vending legal form.",PROPN,ADMITTED,FULL_FORM,,"Robust Industries sp. z o.o.",,,,,
"Getmore Chocolate Corporation","Snack vending corp.",PROPN,PREFERRED,FULL_FORM,,"Czekolady Getmore sp. z o.o.",,,,,
"Getmore Chocolate Corp","Short vending name.",PROPN,ADMITTED,FULL_FORM,,"Czekolady Getmore sp. z o.o.",,,,,
"Andromeda Corporation","Liqueur brand corp.",PROPN,PREFERRED,FULL_FORM,,"Korporacja Andromeda",,,,,
"Hephaestus Industries","Mech bounty corp. Keep brand.",PROPN,PREFERRED,FULL_FORM,,"Hephaestus Industries",,,,,
"Hesphiastos Industries","IPC limb brand. Bay spelling.",PROPN,ADMITTED,FULL_FORM,"Prefer Hephaestus in lore.","Hesphiastos Industries",,,,,
"Nanotrasen Navy Corps","NTNC ghost role.",PROPN,PREFERRED,FULL_FORM,,"Korpus Marynarki Nanotrasen",,,,,
NTNC,"Abbreviation of Nanotrasen Navy Corps. Keep.",PROPN,PREFERRED,ACRONYM,,NTNC,,,,,
Żabka,"Polonium food corp / barsign.",PROPN,PREFERRED,FULL_FORM,"Żabka Cafe.",Żabka,,,,,
Zabka,"ASCII spelling of Żabka.",PROPN,ADMITTED,FULL_FORM,prototype id.,Żabka,,,,,
"Bishop Cybernetics","IPC limb brand. Keep.",PROPN,PREFERRED,FULL_FORM,,"Bishop Cybernetics",,,,,
Ward-Takahashi,"IPC limb brand. Keep.",PROPN,PREFERRED,FULL_FORM,,Ward-Takahashi,,,,,
"Xion Manufacturing Group","IPC limb brand. Keep.",PROPN,PREFERRED,FULL_FORM,,"Xion Manufacturing Group",,,,,
"Shellguard Munitions","IPC limb brand. Keep.",PROPN,PREFERRED,FULL_FORM,,"Shellguard Munitions",,,,,
"Morpheus Cyberkinetics","IPC limb brand. Keep.",PROPN,PREFERRED,FULL_FORM,,"Morpheus Cyberkinetics",,,,,
"Zenghu Pharmaceuticals","IPC limb brand. Keep.",PROPN,PREFERRED,FULL_FORM,,"Zenghu Pharmaceuticals",,,,,
Xenoborg,"Xenoborg unit.",NOUN,PREFERRED,FULL_FORM,,Ksenoborg,,,,,
Traitor,"Syndicate agent. EN UI says Traitor; PL prefers Agent Syndykatu.",NOUN,PREFERRED,FULL_FORM,roles-antag-syndicate-agent-name.,"Agent Syndykatu",,,,,
"Syndicate Agent","Same as Traitor.",NOUN,PREFERRED,FULL_FORM,,"Agent Syndykatu",,,,,
"Syndicate sleeper agent","Mid-round traitor.",NOUN,PREFERRED,FULL_FORM,,"Uśpiony agent Syndykatu",,,,,
"Nuclear operative","Nuke op.",NOUN,PREFERRED,FULL_FORM,,"Operator nuklearny",,,,,
"Nuclear operative commander","Nuke op leader.",NOUN,PREFERRED,FULL_FORM,,"Dowódca operatorów nuklearnych",,,,,
"Nuclear operative agent","Nuke op medic.",NOUN,PREFERRED,FULL_FORM,,"Sanitariusz operatorów nuklearnych",,,,,
"Head Revolutionary","Rev leader.",NOUN,PREFERRED,FULL_FORM,,"Główny Rewolucjonista",,,,,
Wizard,"Wizard Federation antag.",NOUN,PREFERRED,FULL_FORM,,Czarodziej,,,,,
Survivor,"Wizard gamemode crew role.",NOUN,PREFERRED,FULL_FORM,,Ocalały,,,,,
Changeling,"Often left untranslated.",NOUN,ADMITTED,FULL_FORM,"pl-PL FTL still Changeling. Do not invent Zmiennokształtny unless we decide to.",Changeling,,,,,
Heretic,"Goob heretic antag.",NOUN,PREFERRED,FULL_FORM,,Heretyk,,,,,
"Blood Cultist","Nar'Sie cultist.",NOUN,PREFERRED,FULL_FORM,,"Kultysta Krwi",,,,,
"Cosmic Cultist","Cosmic cult antag.",NOUN,PREFERRED,FULL_FORM,,"Kultysta Kosmiczny",,,,,
Blob,"Usually kept untranslated.",NOUN,ADMITTED,FULL_FORM,,Blob,,,,,
"Space Ninja","Spider Clan antag.",NOUN,PREFERRED,FULL_FORM,,"Kosmiczny Ninja",,,,,
Ninja,"Short form; job-name-ninja.",NOUN,PREFERRED,FULL_FORM,"Same as Space Ninja in running text.",Ninja,,,,,
Thief,"Low-impact antag.",NOUN,PREFERRED,FULL_FORM,,Złodziej,,,,,
"Space Dragon","Carp dragon antag.",NOUN,PREFERRED,FULL_FORM,,"Smok kosmiczny",,,,,
Pirate,"Pirate antag.",NOUN,PREFERRED,FULL_FORM,,Pirat,,,,,
Zombie,"Zombie antag.",NOUN,PREFERRED,FULL_FORM,,Zombie,,,,,
"Initial Infected","Patient zero zombie.",NOUN,PREFERRED,FULL_FORM,,"Początkowy zarażony",,,,,
"Paradox Clone","Clone antag.",NOUN,PREFERRED,FULL_FORM,,"Klon z paradoksu",,,,,
"Subverted silicon","Emagged silicon.",NOUN,PREFERRED,FULL_FORM,,"Przejęty robot",,,,,
"Malfunctioning AI","Malf AI.",NOUN,PREFERRED,FULL_FORM,,"Uszkodzona SI",,,,,
"Mothership Core","Xenoborg core.",NOUN,PREFERRED,FULL_FORM,,"Rdzeń statku-matki",,,,,
"Syndicate Recruiter","DV recruiter antag.",NOUN,PREFERRED,FULL_FORM,,"Rekruter Syndykatu",,,,,
"Synthesis Specialist","DV chemist antag.",NOUN,PREFERRED,FULL_FORM,,"Specjalista Syntezy",,,,,
"Solo Antagonist","Generic role type.",NOUN,PREFERRED,FULL_FORM,,"Samotny antagonista",,,,,
"Team Antagonist","Generic role type.",NOUN,PREFERRED,FULL_FORM,,"Antagonista zespołowy",,,,,
"Free Agent","Generic role type.",NOUN,PREFERRED,FULL_FORM,,"Wolny agent",,,,,
"Silicon Antagonist","Generic role type.",NOUN,PREFERRED,FULL_FORM,,"Robot antagonista",,,,,
Entity,,NOUN,PREFERRED,FULL_FORM,,Encja,,NOUN,PREFERRED,FULL_FORM,
cryptobiolin,Chemistry reagent.,NOUN,PREFERRED,FULL_FORM,,kryptobiolina,,,,,
dylovene,Chemistry reagent.,NOUN,PREFERRED,FULL_FORM,,dylowen,,,,,
diphenhydramine,Chemistry reagent.,NOUN,PREFERRED,FULL_FORM,,difenhydramina,,,,,
arithrazine,Chemistry reagent.,NOUN,PREFERRED,FULL_FORM,,arytrazyna,,,,,
bicaridine,Chemistry reagent.,NOUN,PREFERRED,FULL_FORM,,bikarydyna,,,,,
cryoxadone,Chemistry reagent.,NOUN,PREFERRED,FULL_FORM,,krioksadon,,,,,
doxarubixadone,Chemistry reagent.,NOUN,PREFERRED,FULL_FORM,,doksarubiksadon,,,,,
dermaline,Chemistry reagent.,NOUN,PREFERRED,FULL_FORM,,dermalina,,,,,
dexalin,Chemistry reagent.,NOUN,PREFERRED,FULL_FORM,,deksalina,,,,,
dexalin plus,Chemistry reagent.,NOUN,PREFERRED,FULL_FORM,,deksalina plus,,,,,
epinephrine,Chemistry reagent.,NOUN,PREFERRED,FULL_FORM,,epinefryna,,,,,
hyronalin,Chemistry reagent.,NOUN,PREFERRED,FULL_FORM,,hyronalina,,,,,
ipecac,Chemistry reagent.,NOUN,PREFERRED,FULL_FORM,,ipekak,,,,,
inaprovaline,Chemistry reagent.,NOUN,PREFERRED,FULL_FORM,,inaprowalina,,,,,
kelotane,Chemistry reagent.,NOUN,PREFERRED,FULL_FORM,,kelotan,,,,,
leporazine,Chemistry reagent.,NOUN,PREFERRED,FULL_FORM,,leporazyna,,,,,
barozine,Chemistry reagent.,NOUN,PREFERRED,FULL_FORM,,barozyna,,,,,
phalanximine,Chemistry reagent.,NOUN,PREFERRED,FULL_FORM,,falanksymina,,,,,
Polypyrylium Oligomers,Chemistry reagent.,NOUN,PREFERRED,FULL_FORM,,polipyrylowe oligomery,,,,,
romerodone,Chemistry reagent.,NOUN,PREFERRED,FULL_FORM,,romerodon,,,,,
ambuzol,Chemistry reagent.,NOUN,PREFERRED,FULL_FORM,,ambuzol,,,,,
ambuzol plus,Chemistry reagent.,NOUN,PREFERRED,FULL_FORM,,ambuzol plus,,,,,
pulped banana peel,Chemistry reagent.,NOUN,PREFERRED,FULL_FORM,,rozdrobniona skórka banana,,,,,
siderlac,Chemistry reagent.,NOUN,PREFERRED,FULL_FORM,,siderlak,,,,,
stellibinin,Chemistry reagent.,NOUN,PREFERRED,FULL_FORM,,stellibinyna,,,,,
synaptizine,Chemistry reagent.,NOUN,PREFERRED,FULL_FORM,,synaptyzyna,,,,,
tranexamic acid,Chemistry reagent.,NOUN,PREFERRED,FULL_FORM,,kwas traneksamiczny,,,,,
tricordrazine,Chemistry reagent.,NOUN,PREFERRED,FULL_FORM,,trójkordrazyna,,,,,
lipozine,Chemistry reagent.,NOUN,PREFERRED,FULL_FORM,,lipozyna,,,,,
omnizine,Chemistry reagent.,NOUN,PREFERRED,FULL_FORM,,omnizyna,,,,,
ultravasculine,Chemistry reagent.,NOUN,PREFERRED,FULL_FORM,,ultrawaskulina,,,,,
oculine,Chemistry reagent.,NOUN,PREFERRED,FULL_FORM,,okulina,,,,,
ethylredoxrazine,Chemistry reagent.,NOUN,PREFERRED,FULL_FORM,,etyloredoksrazyna,,,,,
cognizine,Chemistry reagent.,NOUN,PREFERRED,FULL_FORM,,świadomizyna,,,,,
ethyloxyephedrine,Chemistry reagent.,NOUN,PREFERRED,FULL_FORM,,etyloksefedryna,,,,,
diphenylmethylamine,Chemistry reagent.,NOUN,PREFERRED,FULL_FORM,,difenylometyloamina,,,,,
sigynate,Chemistry reagent.,NOUN,PREFERRED,FULL_FORM,,syginat,,,,,
saline,Chemistry reagent.,NOUN,PREFERRED,FULL_FORM,,sól fizjologiczna,,,,,
lacerinol,Chemistry reagent.,NOUN,PREFERRED,FULL_FORM,,skaleczyna,,,,,
puncturase,Chemistry reagent.,NOUN,PREFERRED,FULL_FORM,,kłujorazyna,,,,,
bruizine,Chemistry reagent.,NOUN,PREFERRED,FULL_FORM,,siniakozyna,,,,,
holy water,Chemistry reagent.,NOUN,PREFERRED,FULL_FORM,,woda święcona,,,,,
pyrazine,Chemistry reagent.,NOUN,PREFERRED,FULL_FORM,,poparzyna,,,,,
insuzine,Chemistry reagent.,NOUN,PREFERRED,FULL_FORM,,porażyna,,,,,
opporozidone,Chemistry reagent.,NOUN,PREFERRED,FULL_FORM,,opporozydon,,,,,
arcryox,Chemistry reagent.,NOUN,PREFERRED,FULL_FORM,,arkrioks,,,,,
aloxadone,Chemistry reagent.,NOUN,PREFERRED,FULL_FORM,,aloksadon,,,,,
mannitol,Chemistry reagent.,NOUN,PREFERRED,FULL_FORM,,mannitol,,,,,
psicodine,Chemistry reagent.,NOUN,PREFERRED,FULL_FORM,,psykodon,,,,,
potassium iodide,Chemistry reagent.,NOUN,PREFERRED,FULL_FORM,,jodek potasu,,,,,
haloperidol,Chemistry reagent.,NOUN,PREFERRED,FULL_FORM,,haloperidol,,,,,
heparin,Chemistry reagent.,NOUN,PREFERRED,FULL_FORM,,heparyna,,,,,
ambuzol I,Chemistry reagent.,NOUN,PREFERRED,FULL_FORM,,ambuzol I,,,,,
ambuzol II,Chemistry reagent.,NOUN,PREFERRED,FULL_FORM,,ambuzol II,,,,,
ambuzol III,Chemistry reagent.,NOUN,PREFERRED,FULL_FORM,,ambuzol III,,,,,
ambuzol IV,Chemistry reagent.,NOUN,PREFERRED,FULL_FORM,,ambuzol IV,,,,,
ambuzol V,Chemistry reagent.,NOUN,PREFERRED,FULL_FORM,,ambuzol V,,,,,
necrosol,Chemistry reagent.,NOUN,PREFERRED,FULL_FORM,,śmierciosol,,,,,
warfarin,Chemistry reagent.,NOUN,PREFERRED,FULL_FORM,,warfaryna,,,,,
osteodine,Chemistry reagent.,NOUN,PREFERRED,FULL_FORM,,osteodyna,,,,,
acetone,Chemistry reagent.,NOUN,PREFERRED,FULL_FORM,,aceton,,,,,
phenol,Chemistry reagent.,NOUN,PREFERRED,FULL_FORM,,fenol,,,,,
sodium carbonate,Chemistry reagent.,NOUN,PREFERRED,FULL_FORM,,węglan sodu,,,,,
artifexium,Chemistry reagent.,NOUN,PREFERRED,FULL_FORM,,artifeksium,,,,,
artifact glue,Chemistry reagent.,NOUN,PREFERRED,FULL_FORM,,klej do artefaktów,,,,,
benzene,Chemistry reagent.,NOUN,PREFERRED,FULL_FORM,,benzen,,,,,
hydroxide,Chemistry reagent.,NOUN,PREFERRED,FULL_FORM,,wodorotlenek,,,,,
sodium hydroxide,Chemistry reagent.,NOUN,PREFERRED,FULL_FORM,,wodorotlenek sodu,,,,,
fersilicite,Chemistry reagent.,NOUN,PREFERRED,FULL_FORM,,ferrokrzem,,,,,
sodium polyacrylate,Chemistry reagent.,NOUN,PREFERRED,FULL_FORM,,poliakrylan sodu,,,,,
cellulose,Chemistry reagent.,NOUN,PREFERRED,FULL_FORM,,celuloza,,,,,
rororium,Chemistry reagent.,NOUN,PREFERRED,FULL_FORM,,rororium,,,,,
lye,Chemistry reagent.,NOUN,PREFERRED,FULL_FORM,,ług,,,,,
aluminium,Chemistry reagent.,NOUN,PREFERRED,FULL_FORM,,aluminium,,,,,
ash,Chemistry reagent.,NOUN,PREFERRED,FULL_FORM,,popiół,,,,,
carbon,Chemistry reagent.,NOUN,PREFERRED,FULL_FORM,,węgiel,,,,,
charcoal,Chemistry reagent.,NOUN,PREFERRED,FULL_FORM,,węgiel drzewny,,,,,
chlorine,Chemistry reagent.,NOUN,PREFERRED,FULL_FORM,,chlor,,,,,
copper,Chemistry reagent.,NOUN,PREFERRED,FULL_FORM,,miedź,,,,,
fluorine,Chemistry reagent.,NOUN,PREFERRED,FULL_FORM,,fluor,,,,,
gold,Chemistry reagent.,NOUN,PREFERRED,FULL_FORM,,złoto,,,,,
hydrogen,Chemistry reagent.,NOUN,PREFERRED,FULL_FORM,,wodór,,,,,
iodine,Chemistry reagent.,NOUN,PREFERRED,FULL_FORM,,jod,,,,,
iron,Chemistry reagent.,NOUN,PREFERRED,FULL_FORM,,żelazo,,,,,
lithium,Chemistry reagent.,NOUN,PREFERRED,FULL_FORM,,lit,,,,,
mercury,Chemistry reagent.,NOUN,PREFERRED,FULL_FORM,,rtęć,,,,,
potassium,Chemistry reagent.,NOUN,PREFERRED,FULL_FORM,,potas,,,,,
phosphorus,Chemistry reagent.,NOUN,PREFERRED,FULL_FORM,,fosfor,,,,,
radium,Chemistry reagent.,NOUN,PREFERRED,FULL_FORM,,rad,,,,,
silver,Chemistry reagent.,NOUN,PREFERRED,FULL_FORM,,srebro,,,,,
sulfur,Chemistry reagent.,NOUN,PREFERRED,FULL_FORM,,siarka,,,,,
sodium,Chemistry reagent.,NOUN,PREFERRED,FULL_FORM,,sód,,,,,
uranium,Chemistry reagent.,NOUN,PREFERRED,FULL_FORM,,uran,,,,,
zinc,Chemistry reagent.,NOUN,PREFERRED,FULL_FORM,,cynk,,,,,
toxin,Chemistry reagent.,NOUN,PREFERRED,FULL_FORM,,toksyna,,,,,
carpotoxin,Chemistry reagent.,NOUN,PREFERRED,FULL_FORM,,karpiotoksyna,,,,,
mold,Chemistry reagent.,NOUN,PREFERRED,FULL_FORM,,pleśń,,,,,
polytrinic acid,Chemistry reagent.,NOUN,PREFERRED,FULL_FORM,,kwas polytrynowy,,,,,
chloral hydrate,Chemistry reagent.,NOUN,PREFERRED,FULL_FORM,,wodzian chloralu,,,,,
gastrotoxin,Chemistry reagent.,NOUN,PREFERRED,FULL_FORM,,gastrotoksyna,,,,,
ferrochromic acid,Chemistry reagent.,NOUN,PREFERRED,FULL_FORM,,kwas ferrochromowy,,,,,
fluorosulfuric acid,Chemistry reagent.,NOUN,PREFERRED,FULL_FORM,,kwas fluorosiarkowy,,,,,
sulfuric acid,Chemistry reagent.,NOUN,PREFERRED,FULL_FORM,,kwas siarkowy,,,,,
unstable mutagen,Chemistry reagent.,NOUN,PREFERRED,FULL_FORM,,niestabilny mutagen,,,,,
heartbreaker toxin,Chemistry reagent.,NOUN,PREFERRED,FULL_FORM,,kardiotoksyna,,,,,
lexorin,Chemistry reagent.,NOUN,PREFERRED,FULL_FORM,,leksoryna,,,,,
mindbreaker toxin,Chemistry reagent.,NOUN,PREFERRED,FULL_FORM,,LSD,,,,,
histamine,Chemistry reagent.,NOUN,PREFERRED,FULL_FORM,,histamina,,,,,
theobromine,Chemistry reagent.,NOUN,PREFERRED,FULL_FORM,,teobromina,,,,,
amatoxin,Chemistry reagent.,NOUN,PREFERRED,FULL_FORM,,amatoksyna,,,,,
vent crud,Chemistry reagent.,NOUN,PREFERRED,FULL_FORM,,odpływ wentylacyjny,,,,,
romerol,Chemistry reagent.,NOUN,PREFERRED,FULL_FORM,,romerol,,,,,
uncooked animal proteins,Chemistry reagent.,NOUN,PREFERRED,FULL_FORM,,nieugotowane zwierzęce proteiny,,,,,
allicin,Chemistry reagent.,NOUN,PREFERRED,FULL_FORM,,allicyna,,,,,
pax,Chemistry reagent.,NOUN,PREFERRED,FULL_FORM,,pax,,,,,
honk,Chemistry reagent.,NOUN,PREFERRED,FULL_FORM,,honk,,,,,
lead,Chemistry reagent.,NOUN,PREFERRED,FULL_FORM,,ołów,,,,,
bungotoxin,Chemistry reagent.,NOUN,PREFERRED,FULL_FORM,,bungotoksyna,,,,,
vestine,Chemistry reagent.,NOUN,PREFERRED,FULL_FORM,,westyna,,,,,
tazinide,Chemistry reagent.,NOUN,PREFERRED,FULL_FORM,,tazynida,,,,,
lipolicide,Chemistry reagent.,NOUN,PREFERRED,FULL_FORM,,lipolycyda,,,,,
mechanotoxin,Chemistry reagent.,NOUN,PREFERRED,FULL_FORM,,mechanotoksyna,,,,,
reprocessed material,Chemistry reagent.,NOUN,PREFERRED,FULL_FORM,,śmieciotoksyna,,,,,
hemorrhinol,Chemistry reagent.,NOUN,PREFERRED,FULL_FORM,,hemorynol,,,,,
hivarol,Chemistry reagent.,NOUN,PREFERRED,FULL_FORM,,hiwarol,,,,,
phosphoric acid,Chemistry reagent.,NOUN,PREFERRED,FULL_FORM,,kwas fosforowy,,,,,
desoxyephedrine,Chemistry reagent.,NOUN,PREFERRED,FULL_FORM,,dezoksyefedryna,,,,,
ephedrine,Chemistry reagent.,NOUN,PREFERRED,FULL_FORM,,efedryna,,,,,
hyperzine,Chemistry reagent.,NOUN,PREFERRED,FULL_FORM,,hiperzyna,,,,,
experimental stimulants,Chemistry reagent.,NOUN,PREFERRED,FULL_FORM,,eksperymentalne stymulanty,,,,,
THC,Chemistry reagent.,NOUN,PREFERRED,FULL_FORM,,THC,,,,,
bananadine,Chemistry reagent.,NOUN,PREFERRED,FULL_FORM,,bananadyna,,,,,
nicotine,Chemistry reagent.,NOUN,PREFERRED,FULL_FORM,,nikotyna,,,,,
impedrezene,Chemistry reagent.,NOUN,PREFERRED,FULL_FORM,,impedryzyna,,,,,
space mirage,Chemistry reagent.,NOUN,PREFERRED,FULL_FORM,,kosmiczny miraż,,,,,
nocturine,Chemistry reagent.,NOUN,PREFERRED,FULL_FORM,,nokturyna,,,,,
mute toxin,Chemistry reagent.,NOUN,PREFERRED,FULL_FORM,,niemotoksyna,,,,,
tacitic acid,Chemistry reagent.,NOUN,PREFERRED,FULL_FORM,,kwas tacytyczny,,,,,
norepinephric acid,Chemistry reagent.,NOUN,PREFERRED,FULL_FORM,,norepinefryczny kwas,,,,,
tear gas,Chemistry reagent.,NOUN,PREFERRED,FULL_FORM,,gaz łzawiący,,,,,
happiness,Chemistry reagent.,NOUN,PREFERRED,FULL_FORM,,uszczęśliwienie,,,,,
forever weed,Chemistry reagent.,NOUN,PREFERRED,FULL_FORM,,wieczne ziele,,,,,
cryanobalamin,Chemistry reagent.,NOUN,PREFERRED,FULL_FORM,,krianobalamina,,,,,
Lift Lover's Special,Chemistry reagent.,NOUN,PREFERRED,FULL_FORM,,pudzian specjal,,,,,
morphine,Chemistry reagent.,NOUN,PREFERRED,FULL_FORM,,morfina,,,,,
nitrosyl plasmide,Chemistry reagent.,NOUN,PREFERRED,FULL_FORM,,nitrozylowy plazmid,,,,,
Hydroxysomnolene,Chemistry reagent.,NOUN,PREFERRED,FULL_FORM,,hydroksysomnolene,,,,,
Methylenedioxystraquinone,Chemistry reagent.,NOUN,PREFERRED,FULL_FORM,,metylenodioksystrachinon,,,,,
thermite,Chemistry reagent.,NOUN,PREFERRED,FULL_FORM,,termit,,,,,
napalm,Chemistry reagent.,NOUN,PREFERRED,FULL_FORM,,napalm,,,,,
phlogiston,Chemistry reagent.,NOUN,PREFERRED,FULL_FORM,,flogiston,,,,,
chlorine trifluoride,Chemistry reagent.,NOUN,PREFERRED,FULL_FORM,,trifluorek chloru,,,,,
foaming agent,Chemistry reagent.,NOUN,PREFERRED,FULL_FORM,,środek pieniący,,,,,
welding fuel,Chemistry reagent.,NOUN,PREFERRED,FULL_FORM,,paliwo spawalnicze,,,,,
xenoborg oil,Chemistry reagent.,NOUN,PREFERRED,FULL_FORM,,olej ksenoborga,,,,,
fluorosurfactant,Chemistry reagent.,NOUN,PREFERRED,FULL_FORM,,fluorosurfaktant,,,,,
blood,Chemistry reagent.,NOUN,PREFERRED,FULL_FORM,,krew,,,,,
insect blood,Chemistry reagent.,NOUN,PREFERRED,FULL_FORM,,robacza krew,,,,,
slime,Chemistry reagent.,NOUN,PREFERRED,FULL_FORM,,szlam,,,,,
sap,Chemistry reagent.,NOUN,PREFERRED,FULL_FORM,,sok łykowy,,,,,
blue blood,Chemistry reagent.,NOUN,PREFERRED,FULL_FORM,,niebieska krew,,,,,
anaerobic blood,Chemistry reagent.,NOUN,PREFERRED,FULL_FORM,,krew beztlenowa,,,,,
sulfuric blood,Chemistry reagent.,NOUN,PREFERRED,FULL_FORM,,krew siarkowa,,,,,
zombie blood,Chemistry reagent.,NOUN,PREFERRED,FULL_FORM,,krew żywego trupa,,,,,
unholy blood,Chemistry reagent.,NOUN,PREFERRED,FULL_FORM,,nieświęta krew,,,,,
ichor,Chemistry reagent.,NOUN,PREFERRED,FULL_FORM,,posoka,,,,,
fat,Chemistry reagent.,NOUN,PREFERRED,FULL_FORM,,tłuszcz,,,,,
vomit,Chemistry reagent.,NOUN,PREFERRED,FULL_FORM,,wymiociny,,,,,
grey matter,Chemistry reagent.,NOUN,PREFERRED,FULL_FORM,,szara materia,,,,,
sanguine perniculate,Chemistry reagent.,NOUN,PREFERRED,FULL_FORM,,szkarłatny pernikulat,,,,,
living tissue,Chemistry reagent.,NOUN,PREFERRED,FULL_FORM,,żywa tkanka,,,,,
carpetium,Chemistry reagent.,NOUN,PREFERRED,FULL_FORM,,dywanium,,,,,
fiber,Chemistry reagent.,NOUN,PREFERRED,FULL_FORM,,włókno,,,,,
buzzochloric bees,Chemistry reagent.,NOUN,PREFERRED,FULL_FORM,,buzochlorek pszczół,,,,,
ground Bee,Chemistry reagent.,NOUN,PREFERRED,FULL_FORM,,zmielona pszczoła,,,,,
brass,Chemistry reagent.,NOUN,PREFERRED,FULL_FORM,,mosiądz,,,,,
licoxide,Chemistry reagent.,NOUN,PREFERRED,FULL_FORM,,likoksyd,,,,,
razorium,Chemistry reagent.,NOUN,PREFERRED,FULL_FORM,,brzytworium,,,,,
Fresium,Chemistry reagent.,NOUN,PREFERRED,FULL_FORM,,fresium,,,,,
laughter,Chemistry reagent.,NOUN,PREFERRED,FULL_FORM,,śmiech,,,,,
juice that makes you Weh,Chemistry reagent.,NOUN,PREFERRED,FULL_FORM,,sok powodujący Weh,,,,,
juice that makes you Hew,Chemistry reagent.,NOUN,PREFERRED,FULL_FORM,,sok powodujący Hew,,,,,
felinase,Chemistry reagent.,NOUN,PREFERRED,FULL_FORM,,felinaza,,,,,
caninase,Chemistry reagent.,NOUN,PREFERRED,FULL_FORM,,kaninaza,,,,,
saxoite,Chemistry reagent.,NOUN,PREFERRED,FULL_FORM,,saksoityt,,,,,
EZ nutrient,Chemistry reagent.,NOUN,PREFERRED,FULL_FORM,,EZ odżywka,,,,,
left-4-zed,Chemistry reagent.,NOUN,PREFERRED,FULL_FORM,,left-4-zed,,,,,
pest killer,Chemistry reagent.,NOUN,PREFERRED,FULL_FORM,,pestycydy,,,,,
plant-B-gone,Chemistry reagent.,NOUN,PREFERRED,FULL_FORM,,chwastobójca,,,,,
robust harvest,Chemistry reagent.,NOUN,PREFERRED,FULL_FORM,,urodzajnik,,,,,
weed killer,Chemistry reagent.,NOUN,PREFERRED,FULL_FORM,,herbicydy,,,,,
ammonia,Chemistry reagent.,NOUN,PREFERRED,FULL_FORM,,amoniak,,,,,
diethylamine,Chemistry reagent.,NOUN,PREFERRED,FULL_FORM,,dietyloamina,,,,,
sedin,Chemistry reagent.,NOUN,PREFERRED,FULL_FORM,,uziarniacz,,,,,
bleach,Chemistry reagent.,NOUN,PREFERRED,FULL_FORM,,wybielacz,,,,,
space cleaner,Chemistry reagent.,NOUN,PREFERRED,FULL_FORM,,kosmomyj,,,,,
soap,Chemistry reagent.,NOUN,PREFERRED,FULL_FORM,,mydło,,,,,
space lube,Chemistry reagent.,NOUN,PREFERRED,FULL_FORM,,kosmosmar,,,,,
space glue,Chemistry reagent.,NOUN,PREFERRED,FULL_FORM,,kosmoklej,,,,,
oxygen,Atmos / chemistry gas.,NOUN,PREFERRED,FULL_FORM,,tlen,,,,,
plasma,Atmos / chemistry gas.,NOUN,PREFERRED,FULL_FORM,,plazma,,,,,
tritium,Atmos / chemistry gas.,NOUN,PREFERRED,FULL_FORM,,tryt,,,,,
carbon dioxide,Atmos / chemistry gas.,NOUN,PREFERRED,FULL_FORM,,dwutlenek węgla,,,,,
nitrogen,Atmos / chemistry gas.,NOUN,PREFERRED,FULL_FORM,,azot,,,,,
nitrous oxide,Atmos / chemistry gas.,NOUN,PREFERRED,FULL_FORM,,podtlenek azotu,,,,,
frezon,Atmos / chemistry gas.,NOUN,PREFERRED,FULL_FORM,,mrożon,,,,,
edge essentia,Chemistry reagent.,NOUN,PREFERRED,FULL_FORM,,esencja ostrza,,,,,
extinguishing agent,Chemistry reagent.,NOUN,PREFERRED,FULL_FORM,,środek gaśniczy,,,,,
stasizium,Chemistry reagent.,NOUN,PREFERRED,FULL_FORM,,stazynium,,,,,
tranquility,Chemistry reagent.,NOUN,PREFERRED,FULL_FORM,,spokój,,,,,
profanol,Chemistry reagent.,NOUN,PREFERRED,FULL_FORM,,przeklinol,,,,,
hemoxadone,Chemistry reagent.,NOUN,PREFERRED,FULL_FORM,,hemoksadon,,,,,
cyanoxadone,Chemistry reagent.,NOUN,PREFERRED,FULL_FORM,,cyjanoksadon,,,,,
anodynafil,Chemistry reagent.,NOUN,PREFERRED,FULL_FORM,,anodynafila,,,,,
bz,Atmos / chemistry gas.,NOUN,PREFERRED,FULL_FORM,,BZ,,,,,
healium,Atmos / chemistry gas.,NOUN,PREFERRED,FULL_FORM,,leczelium,,,,,
nitrium,Atmos / chemistry gas.,NOUN,PREFERRED,FULL_FORM,,nitrium,,,,,
pluoxium,Atmos / chemistry gas.,NOUN,PREFERRED,FULL_FORM,,pluoksium,,,,,
hyper-noblium,Atmos / chemistry gas.,NOUN,PREFERRED,FULL_FORM,,hiper-noblium,,,,,
proto-nitrate,Atmos / chemistry gas.,NOUN,PREFERRED,FULL_FORM,,proto-azotan,,,,,
zauker,Atmos / chemistry gas.,NOUN,PREFERRED,FULL_FORM,,zauker,,,,,
halon,Atmos / chemistry gas.,NOUN,PREFERRED,FULL_FORM,,halon,,,,,
helium,Atmos / chemistry gas.,NOUN,PREFERRED,FULL_FORM,,hel,,,,,
anti-noblium,Atmos / chemistry gas.,NOUN,PREFERRED,FULL_FORM,,anty-noblium,,,,,
BZ Metabolites,Chemistry reagent.,NOUN,PREFERRED,FULL_FORM,,metabolity BZ,,,,,
rhigoxane,Chemistry reagent.,NOUN,PREFERRED,FULL_FORM,,rygoksan,,,,,
spewium,Chemistry reagent.,NOUN,PREFERRED,FULL_FORM,,wymiotum,,,,,
pestiline,Chemistry reagent.,NOUN,PREFERRED,FULL_FORM,,epidemiolina,,,,,
exoticium,Chemistry reagent.,NOUN,PREFERRED,FULL_FORM,,egzotium,,,,,
stasicillin,Chemistry reagent.,NOUN,PREFERRED,FULL_FORM,,stasicylina,,,,,
negacordrazine,Chemistry reagent.,NOUN,PREFERRED,FULL_FORM,,negakordrazyna,,,,,
stabilised stimulants,Chemistry reagent.,NOUN,PREFERRED,FULL_FORM,,stabilizowane stymulanty,,,,,
revivopine,Chemistry reagent.,NOUN,PREFERRED,FULL_FORM,,wskrzeszopiryna,,,,,
corgium,Chemistry reagent.,NOUN,PREFERRED,FULL_FORM,,corgium,,,,,
muigroc,Chemistry reagent.,NOUN,PREFERRED,FULL_FORM,,muigroc,,,,,
catberry extract,Chemistry reagent.,NOUN,PREFERRED,FULL_FORM,,ekstrakt z catberry,,,,,
ink,Chemistry reagent.,NOUN,PREFERRED,FULL_FORM,,atrament,,,,,
Polystatic Amylostyronate,Chemistry reagent.,NOUN,PREFERRED,FULL_FORM,,Amylostyronian Polistatyczny,,,,,
machine oil,Chemistry reagent.,NOUN,PREFERRED,FULL_FORM,,olej maszynowy,,,,,
mucin,Chemistry reagent.,NOUN,PREFERRED,FULL_FORM,,mucyna,,,,,
methylated blood,Chemistry reagent.,NOUN,PREFERRED,FULL_FORM,,krew metylowana,,,,,
ethanotoxin,Chemistry reagent.,NOUN,PREFERRED,FULL_FORM,,etanotoksyna,,,,,
dinosaur blood,Chemistry reagent.,NOUN,PREFERRED,FULL_FORM,,krew dinozaura,,,,,
shimmering blood,Chemistry reagent.,NOUN,PREFERRED,FULL_FORM,,opalizująca krew,,,,,
synthblood,Chemistry reagent.,NOUN,PREFERRED,FULL_FORM,,syntamina,,,,,
glass,Crafting / stack material.,NOUN,PREFERRED,FULL_FORM,,szkło,,,,,
reinforced glass,Crafting / stack material.,NOUN,PREFERRED,FULL_FORM,,wzmocnione szkło,,,,,
plasma glass,Crafting / stack material.,NOUN,PREFERRED,FULL_FORM,,szkło plazmowe,,,,,
reinforced plasma glass,Crafting / stack material.,NOUN,PREFERRED,FULL_FORM,,wzmocnione szkło plazmowe,,,,,
uranium glass,Crafting / stack material.,NOUN,PREFERRED,FULL_FORM,,szkło uranowe,,,,,
reinforced uranium glass,Crafting / stack material.,NOUN,PREFERRED,FULL_FORM,,wzmocnione szkło uranowe,,,,,
runed glass,Crafting / stack material.,NOUN,PREFERRED,FULL_FORM,,runiczne szkło,,,,,
steel,Crafting / stack material.,NOUN,PREFERRED,FULL_FORM,,stal,,,,,
plasteel,Crafting / stack material.,NOUN,PREFERRED,FULL_FORM,,plastal,,,,,
runed steel,Crafting / stack material.,NOUN,PREFERRED,FULL_FORM,,runiczna stal,,,,,
runed plasteel,Crafting / stack material.,NOUN,PREFERRED,FULL_FORM,,runiczna plastal,,,,,
biomass,Crafting / stack material.,NOUN,PREFERRED,FULL_FORM,,biomasa,,,,,
cardboard,Crafting / stack material.,NOUN,PREFERRED,FULL_FORM,,tektura,,,,,
cloth,Crafting / stack material.,NOUN,PREFERRED,FULL_FORM,,tkanina,,,,,
durathread,Crafting / stack material.,NOUN,PREFERRED,FULL_FORM,,duratkanina,,,,,
plastic,Crafting / stack material.,NOUN,PREFERRED,FULL_FORM,,plastik,,,,,
wood,Crafting / stack material.,NOUN,PREFERRED,FULL_FORM,,drewno,,,,,
paper,Crafting / stack material.,NOUN,PREFERRED,FULL_FORM,,papier,,,,,
bananium,Crafting / stack material.,NOUN,PREFERRED,FULL_FORM,,bananium,,,,,
meat,Crafting / stack material.,NOUN,PREFERRED,FULL_FORM,,mięso,,,,,
silk,Crafting / stack material.,NOUN,PREFERRED,FULL_FORM,,jedwab,,,,,
bone,Crafting / stack material.,NOUN,PREFERRED,FULL_FORM,,kości,,,,,
coal,Crafting / stack material.,NOUN,PREFERRED,FULL_FORM,,węgiel,,,,,
diamond,Crafting / stack material.,NOUN,PREFERRED,FULL_FORM,,diament,,,,,
gunpowder,Crafting / stack material.,NOUN,PREFERRED,FULL_FORM,,proch strzelniczy,,,,,
cotton,Crafting / stack material.,NOUN,PREFERRED,FULL_FORM,,bawełna,,,,,
xenoborg crystal,Crafting / stack material.,NOUN,PREFERRED,FULL_FORM,,kryształ ksenoborga,,,,,
raw iron,Crafting / stack material.,NOUN,PREFERRED,FULL_FORM,,ruda żelaza,,,,,
raw quartz,Crafting / stack material.,NOUN,PREFERRED,FULL_FORM,,ruda kwarcu,,,,,
raw gold,Crafting / stack material.,NOUN,PREFERRED,FULL_FORM,,ruda złota,,,,,
raw silver,Crafting / stack material.,NOUN,PREFERRED,FULL_FORM,,ruda srebra,,,,,
raw plasma,Crafting / stack material.,NOUN,PREFERRED,FULL_FORM,,surowa plazma,,,,,
raw uranium,Crafting / stack material.,NOUN,PREFERRED,FULL_FORM,,surowy uran,,,,,
raw bananium,Crafting / stack material.,NOUN,PREFERRED,FULL_FORM,,surowe bananium,,,,,
raw salt,Crafting / stack material.,NOUN,PREFERRED,FULL_FORM,,surowa sól,,,,,
raw diamond,Crafting / stack material.,NOUN,PREFERRED,FULL_FORM,,surowy diament,,,,,
bluespace crystal,Crafting / stack material.,NOUN,PREFERRED,FULL_FORM,,kryształ bluespace,,,,,
entropy,Crafting / stack material.,NOUN,PREFERRED,FULL_FORM,,entropia,,,,,
cerenkite,Crafting / stack material.,NOUN,PREFERRED,FULL_FORM,,cerenkit,,,,,
plutonium,Crafting / stack material.,NOUN,PREFERRED,FULL_FORM,,pluton,,,,,
bohrum,Crafting / stack material.,NOUN,PREFERRED,FULL_FORM,,bohrum,,,,,
Water Vapor,Atmos gas (analyzer / canister UI).,NOUN,PREFERRED,FULL_FORM,,Para wodna,,,,,
Flatpacker,Machine that packs structures into flatpacks.,NOUN,PREFERRED,FULL_FORM,Not only the 1001 model.,Pakowacz,,,,,
Topicals,External meds category (borg module / lathe pack).,NOUN,PREFERRED,FULL_FORM,"Ointment, bruise pack, gauze.",Preparaty do stosowania zewnętrznego,,,,,
ointment,Burn topical.,NOUN,PREFERRED,FULL_FORM,,maść,,,,,
bruise pack,Brute topical.,NOUN,PREFERRED,FULL_FORM,,okład na stłuczenia,,,,,
regenerative mesh,Advanced burn topical.,NOUN,PREFERRED,FULL_FORM,,siatka regeneracyjna,,,,,
medicated suture,Advanced brute topical.,NOUN,PREFERRED,FULL_FORM,,szew leczniczy,,,,,
blood pack,IV blood topical.,NOUN,PREFERRED,FULL_FORM,,worek krwi,,,,,
gauze,Bleeding topical.,NOUN,PREFERRED,FULL_FORM,,gaza,,,,,
roll of gauze,Gauze item name.,NOUN,PREFERRED,FULL_FORM,,rolka gazy,,,,,
bone gel,Surgical bone mender.,NOUN,PREFERRED,FULL_FORM,,żel kostny,,,,,
bottle of bone gel,Bone gel container.,NOUN,PREFERRED,FULL_FORM,,butelka żelu kostnego,,,,,
Automatic Trading Station,Cargo trading outpost.,NOUN,PREFERRED,FULL_FORM,ATS = ASH.,Automatyczna Stacja Handlowa,,,,,
ATS,Automatic Trading Station.,NOUN,PREFERRED,ACRONYM,"Polish acronym ASH. Not ash (popiół).",ASH,,,,,
ASH,Polish acronym of Automatic Trading Station.,NOUN,PREFERRED,ACRONYM,"Not the ash reagent (popiół).",ASH,,,,,
silicon,Chemistry element / reagent.,NOUN,PREFERRED,FULL_FORM,"Not the Silicon department (Silikonowy).",krzem,,,,,
ants,Chemistry reagent.,NOUN,PREFERRED,FULL_FORM,,mrówki,,,,,
joos,Gray blood reagent display name. Keep.,NOUN,ADMITTED,FULL_FORM,"MACRO gray-blood.",joos,,,,,
O2,Oxygen abbreviation.,NOUN,PREFERRED,ABBREVIATION,,O2,,,,,
N2,Nitrogen abbreviation.,NOUN,PREFERRED,ABBREVIATION,,N2,,,,,
CO2,Carbon dioxide abbreviation.,NOUN,PREFERRED,ABBREVIATION,,CO2,,,,,
N2O,Nitrous oxide abbreviation.,NOUN,PREFERRED,ABBREVIATION,,N2O,,,,,
Strawberry Ice,Street name of Methylenedioxystraquinone.,NOUN,PREFERRED,FULL_FORM,,truskawkowy lód,,,,,
